-- MySQL dump 10.13  Distrib 8.0.22, for Linux (x86_64)
--
-- Host: localhost    Database: intas_company_test_project
-- ------------------------------------------------------
-- Server version	8.0.22-0ubuntu0.20.04.3

/*!40101 SET @OLD_CHARACTER_SET_CLIENT=@@CHARACTER_SET_CLIENT */;
/*!40101 SET @OLD_CHARACTER_SET_RESULTS=@@CHARACTER_SET_RESULTS */;
/*!40101 SET @OLD_COLLATION_CONNECTION=@@COLLATION_CONNECTION */;
/*!50503 SET NAMES utf8mb4 */;
/*!40103 SET @OLD_TIME_ZONE=@@TIME_ZONE */;
/*!40103 SET TIME_ZONE='+00:00' */;
/*!40014 SET @OLD_UNIQUE_CHECKS=@@UNIQUE_CHECKS, UNIQUE_CHECKS=0 */;
/*!40014 SET @OLD_FOREIGN_KEY_CHECKS=@@FOREIGN_KEY_CHECKS, FOREIGN_KEY_CHECKS=0 */;
/*!40101 SET @OLD_SQL_MODE=@@SQL_MODE, SQL_MODE='NO_AUTO_VALUE_ON_ZERO' */;
/*!40111 SET @OLD_SQL_NOTES=@@SQL_NOTES, SQL_NOTES=0 */;

--
-- Table structure for table `couriers`
--

DROP TABLE IF EXISTS `couriers`;
/*!40101 SET @saved_cs_client     = @@character_set_client */;
/*!50503 SET character_set_client = utf8mb4 */;
CREATE TABLE `couriers` (
  `id` int NOT NULL AUTO_INCREMENT,
  `name` varchar(255) NOT NULL,
  PRIMARY KEY (`id`)
) ENGINE=InnoDB AUTO_INCREMENT=11 DEFAULT CHARSET=utf8mb4 COLLATE=utf8mb4_0900_ai_ci;
/*!40101 SET character_set_client = @saved_cs_client */;

--
-- Dumping data for table `couriers`
--

LOCK TABLES `couriers` WRITE;
/*!40000 ALTER TABLE `couriers` DISABLE KEYS */;
INSERT INTO `couriers` VALUES (1,'Ivanov'),(2,'Petrov'),(3,'Smirnov'),(4,'Sidorov'),(5,'Simpson'),(6,'Flanders'),(7,'Mo'),(8,'Smitters'),(9,'Fray'),(10,'Bart');
/*!40000 ALTER TABLE `couriers` ENABLE KEYS */;
UNLOCK TABLES;

--
-- Table structure for table `deliveries`
--

DROP TABLE IF EXISTS `deliveries`;
/*!40101 SET @saved_cs_client     = @@character_set_client */;
/*!50503 SET character_set_client = utf8mb4 */;
CREATE TABLE `deliveries` (
  `courier_id` int NOT NULL,
  `region_id` int NOT NULL,
  `departure_date` date NOT NULL,
  `arrival_date` date NOT NULL,
  KEY `courier_id` (`courier_id`),
  KEY `region_id` (`region_id`),
  CONSTRAINT `deliveries_ibfk_1` FOREIGN KEY (`courier_id`) REFERENCES `couriers` (`id`) ON DELETE CASCADE,
  CONSTRAINT `deliveries_ibfk_2` FOREIGN KEY (`region_id`) REFERENCES `regions` (`id`) ON DELETE CASCADE
) ENGINE=InnoDB DEFAULT CHARSET=utf8mb4 COLLATE=utf8mb4_0900_ai_ci;
/*!40101 SET character_set_client = @saved_cs_client */;

--
-- Dumping data for table `deliveries`
--

LOCK TABLES `deliveries` WRITE;
/*!40000 ALTER TABLE `deliveries` DISABLE KEYS */;
INSERT INTO `deliveries` VALUES (1,4,'2019-06-05','2019-06-10'),(2,9,'2019-06-05','2019-06-18'),(3,6,'2019-06-05','2019-06-25'),(4,9,'2019-06-05','2019-07-03'),(5,9,'2019-06-05','2019-07-11'),(6,4,'2019-06-05','2019-07-16'),(7,5,'2019-06-05','2019-07-21'),(8,5,'2019-06-05','2019-07-26'),(9,8,'2019-06-05','2019-08-02'),(10,7,'2019-06-05','2019-08-04'),(1,7,'2019-06-11','2019-06-13'),(1,6,'2019-06-15','2019-06-22'),(2,6,'2019-06-19','2019-06-26'),(1,9,'2019-06-23','2019-07-01'),(3,6,'2019-06-26','2019-07-03'),(2,3,'2019-06-27','2019-06-28'),(2,6,'2019-06-29','2019-07-06'),(1,8,'2019-07-02','2019-07-09'),(3,1,'2019-07-05','2019-07-15'),(4,4,'2019-07-05','2019-07-20'),(2,1,'2019-07-08','2019-07-18'),(1,2,'2019-07-10','2019-07-12'),(5,6,'2019-07-12','2019-07-19'),(1,2,'2019-07-13','2019-07-15'),(1,9,'2019-07-16','2019-07-24'),(3,6,'2019-07-16','2019-07-31'),(6,2,'2019-07-17','2019-07-19'),(2,4,'2019-07-19','2019-07-24'),(4,7,'2019-07-22','2019-07-24'),(5,7,'2019-07-22','2019-07-26'),(6,7,'2019-07-22','2019-07-28'),(7,5,'2019-07-22','2019-08-02'),(1,6,'2019-07-25','2019-08-01'),(2,8,'2019-07-25','2019-08-08'),(4,1,'2019-07-25','2019-08-18'),(5,3,'2019-07-27','2019-07-28'),(8,6,'2019-07-27','2019-08-04'),(5,1,'2019-07-29','2019-08-08'),(6,4,'2019-07-29','2019-08-13'),(3,7,'2019-08-01','2019-08-03'),(1,3,'2019-08-02','2019-08-03'),(7,3,'2019-08-03','2019-08-04'),(9,9,'2019-08-03','2019-08-12'),(1,7,'2019-08-04','2019-08-06'),(3,3,'2019-08-04','2019-08-07'),(1,8,'2019-08-07','2019-08-14'),(7,2,'2019-08-07','2019-08-16'),(8,2,'2019-08-07','2019-08-18'),(10,9,'2019-08-07','2019-08-26'),(2,3,'2019-08-09','2019-08-10'),(3,2,'2019-08-09','2019-08-12'),(5,2,'2019-08-09','2019-08-14'),(2,8,'2019-08-11','2019-08-18'),(1,6,'2019-08-16','2019-08-23'),(3,9,'2019-08-16','2019-08-31'),(5,5,'2019-08-16','2019-09-05'),(6,4,'2019-08-16','2019-09-10'),(9,7,'2019-08-16','2019-09-12'),(7,2,'2019-08-17','2019-08-19'),(2,4,'2019-08-19','2019-08-24'),(4,5,'2019-08-19','2019-08-29'),(8,7,'2019-08-19','2019-08-31'),(7,5,'2019-08-20','2019-08-25'),(1,7,'2019-08-25','2019-08-27'),(2,6,'2019-08-25','2019-09-03'),(7,5,'2019-08-26','2019-08-31'),(10,3,'2019-08-27','2019-08-28'),(1,2,'2019-08-28','2019-08-30'),(10,3,'2019-08-29','2019-08-30'),(4,7,'2019-08-30','2019-09-01'),(1,7,'2019-08-31','2019-09-02'),(10,8,'2019-08-31','2019-09-09'),(3,4,'2019-09-01','2019-09-06'),(7,1,'2019-09-01','2019-09-16'),(8,9,'2019-09-01','2019-09-24'),(4,1,'2019-09-02','2019-09-12'),(1,1,'2019-09-03','2019-09-13'),(2,8,'2019-09-05','2019-09-12'),(5,4,'2019-09-06','2019-09-11'),(3,8,'2019-09-07','2019-09-14'),(10,4,'2019-09-10','2019-09-15'),(6,5,'2019-09-11','2019-09-16'),(5,5,'2019-09-12','2019-09-17'),(1,7,'2019-09-16','2019-09-18'),(2,4,'2019-09-16','2019-09-23'),(3,8,'2019-09-16','2019-09-30'),(4,8,'2019-09-16','2019-10-07'),(9,1,'2019-09-16','2019-10-17'),(10,4,'2019-09-16','2019-10-22'),(6,6,'2019-09-17','2019-09-24'),(7,9,'2019-09-17','2019-10-02'),(1,9,'2019-09-20','2019-09-28'),(5,2,'2019-09-20','2019-09-30'),(2,1,'2019-09-24','2019-10-04'),(6,3,'2019-09-25','2019-09-26'),(8,2,'2019-09-25','2019-09-28'),(6,5,'2019-09-27','2019-10-02'),(1,4,'2019-09-29','2019-10-04'),(8,6,'2019-09-29','2019-10-11'),(3,9,'2019-10-01','2019-10-09'),(5,8,'2019-10-01','2019-10-16'),(6,7,'2019-10-04','2019-10-06'),(7,4,'2019-10-04','2019-10-11'),(1,9,'2019-10-05','2019-10-13'),(2,6,'2019-10-05','2019-10-20'),(4,6,'2019-10-08','2019-10-15'),(6,9,'2019-10-08','2019-10-23'),(3,6,'2019-10-10','2019-10-17'),(7,5,'2019-10-12','2019-10-17'),(8,2,'2019-10-12','2019-10-19'),(1,7,'2019-10-14','2019-10-16'),(4,1,'2019-10-16','2019-10-26'),(1,8,'2019-10-17','2019-10-24'),(5,4,'2019-10-17','2019-10-29'),(3,9,'2019-10-18','2019-10-26'),(7,4,'2019-10-18','2019-10-31'),(9,7,'2019-10-18','2019-11-02'),(8,8,'2019-10-20','2019-10-27'),(2,2,'2019-10-21','2019-10-23'),(10,2,'2019-10-23','2019-10-25'),(2,7,'2019-10-24','2019-10-26'),(6,1,'2019-10-24','2019-11-05'),(1,3,'2019-10-25','2019-10-26'),(10,9,'2019-10-26','2019-11-03'),(1,2,'2019-10-27','2019-10-29'),(2,8,'2019-10-27','2019-11-05'),(3,7,'2019-10-27','2019-11-07'),(4,1,'2019-10-27','2019-11-17'),(8,1,'2019-10-28','2019-11-07'),(1,8,'2019-10-30','2019-11-06'),(5,1,'2019-10-30','2019-11-16'),(7,6,'2019-11-01','2019-11-08'),(9,7,'2019-11-03','2019-11-05'),(10,6,'2019-11-04','2019-11-11'),(1,4,'2019-11-07','2019-11-12'),(2,8,'2019-11-07','2019-11-19'),(6,7,'2019-11-07','2019-11-21'),(9,4,'2019-11-07','2019-11-26'),(3,5,'2019-11-08','2019-11-13'),(8,3,'2019-11-08','2019-11-14'),(7,1,'2019-11-09','2019-11-19'),(10,8,'2019-11-12','2019-11-19'),(1,2,'2019-11-13','2019-11-15'),(3,7,'2019-11-14','2019-11-16'),(8,2,'2019-11-15','2019-11-17'),(1,6,'2019-11-16','2019-11-23'),(2,3,'2019-11-21','2019-11-22'),(3,6,'2019-11-21','2019-11-29'),(4,5,'2019-11-21','2019-12-04'),(5,3,'2019-11-21','2019-12-05'),(7,9,'2019-11-21','2019-12-13'),(8,5,'2019-11-21','2019-12-18'),(10,7,'2019-11-21','2019-12-20'),(6,1,'2019-11-22','2019-12-02'),(2,4,'2019-11-23','2019-11-28'),(1,3,'2019-11-24','2019-11-25'),(1,6,'2019-11-26','2019-12-03'),(9,2,'2019-11-28','2019-11-30'),(2,9,'2019-11-29','2019-12-07'),(3,7,'2019-11-30','2019-12-02'),(9,5,'2019-12-01','2019-12-06'),(1,9,'2019-12-04','2019-12-12'),(3,9,'2019-12-04','2019-12-20'),(6,7,'2019-12-04','2019-12-22'),(4,2,'2019-12-05','2019-12-07'),(5,2,'2019-12-06','2019-12-08'),(2,2,'2019-12-08','2019-12-10'),(4,6,'2019-12-08','2019-12-17'),(9,1,'2019-12-08','2019-12-27'),(5,3,'2019-12-09','2019-12-10'),(2,4,'2019-12-11','2019-12-16'),(5,2,'2019-12-11','2019-12-18'),(1,7,'2019-12-13','2019-12-15'),(7,9,'2019-12-14','2019-12-22'),(1,5,'2019-12-16','2019-12-21'),(2,3,'2019-12-17','2019-12-18'),(4,7,'2019-12-18','2019-12-20'),(2,6,'2019-12-19','2019-12-26'),(5,3,'2019-12-19','2019-12-27'),(8,3,'2019-12-19','2019-12-28'),(3,7,'2019-12-21','2019-12-23'),(4,7,'2019-12-21','2019-12-25'),(10,8,'2019-12-21','2020-01-01'),(1,8,'2019-12-22','2019-12-29'),(6,4,'2019-12-23','2019-12-28'),(7,4,'2019-12-23','2020-01-02'),(3,1,'2019-12-24','2020-01-03'),(4,2,'2019-12-26','2019-12-28'),(2,5,'2019-12-27','2020-01-01'),(5,6,'2019-12-28','2020-01-04'),(9,3,'2019-12-28','2020-01-05'),(4,3,'2019-12-29','2019-12-30'),(6,6,'2019-12-29','2020-01-06'),(8,1,'2019-12-29','2020-01-16'),(1,3,'2019-12-31','2020-01-01'),(4,4,'2019-12-31','2020-01-06'),(1,7,'2020-01-03','2020-01-05'),(2,1,'2020-01-03','2020-01-15'),(7,5,'2020-01-03','2020-01-20'),(10,9,'2020-01-03','2020-01-28'),(3,3,'2020-01-04','2020-01-05'),(5,5,'2020-01-05','2020-01-10'),(1,2,'2020-01-09','2020-01-11'),(3,2,'2020-01-09','2020-01-13'),(4,1,'2020-01-09','2020-01-23'),(6,6,'2020-01-09','2020-01-30'),(9,1,'2020-01-09','2020-02-09'),(5,4,'2020-01-11','2020-01-16'),(1,8,'2020-01-12','2020-01-19'),(3,3,'2020-01-14','2020-01-15'),(2,7,'2020-01-16','2020-01-18'),(3,4,'2020-01-16','2020-01-23'),(5,1,'2020-01-17','2020-01-27'),(8,9,'2020-01-17','2020-02-04'),(2,8,'2020-01-19','2020-01-26'),(1,9,'2020-01-20','2020-01-28'),(7,3,'2020-01-21','2020-01-22'),(7,5,'2020-01-23','2020-01-28'),(3,6,'2020-01-24','2020-01-31'),(4,4,'2020-01-24','2020-02-05'),(2,1,'2020-01-27','2020-02-06'),(5,2,'2020-01-28','2020-01-30'),(1,4,'2020-01-29','2020-02-03'),(7,5,'2020-01-29','2020-02-08'),(10,9,'2020-01-29','2020-02-16'),(5,1,'2020-01-31','2020-02-10'),(6,1,'2020-01-31','2020-02-20'),(3,7,'2020-02-01','2020-02-03'),(1,1,'2020-02-04','2020-02-14'),(3,3,'2020-02-04','2020-02-15'),(4,7,'2020-02-06','2020-02-08'),(8,4,'2020-02-06','2020-02-13'),(2,7,'2020-02-07','2020-02-09'),(4,6,'2020-02-09','2020-02-16'),(7,8,'2020-02-09','2020-02-23'),(2,2,'2020-02-10','2020-02-12'),(9,6,'2020-02-10','2020-02-19'),(2,1,'2020-02-13','2020-02-23'),(5,3,'2020-02-13','2020-02-24'),(8,2,'2020-02-14','2020-02-16'),(1,1,'2020-02-15','2020-02-25'),(3,9,'2020-02-17','2020-02-25'),(4,4,'2020-02-17','2020-03-01'),(8,9,'2020-02-17','2020-03-09'),(10,2,'2020-02-17','2020-03-11'),(9,9,'2020-02-20','2020-02-28'),(6,4,'2020-02-21','2020-02-26'),(2,3,'2020-02-24','2020-02-25'),(7,5,'2020-02-24','2020-03-01'),(5,6,'2020-02-25','2020-03-03'),(1,4,'2020-02-26','2020-03-02'),(2,6,'2020-02-26','2020-03-09'),(3,8,'2020-02-26','2020-03-16'),(6,7,'2020-02-27','2020-02-29'),(9,4,'2020-02-29','2020-03-05'),(6,3,'2020-03-01','2020-03-02'),(1,7,'2020-03-03','2020-03-05'),(4,6,'2020-03-03','2020-03-12'),(6,5,'2020-03-03','2020-03-17'),(7,2,'2020-03-03','2020-03-19'),(5,9,'2020-03-04','2020-03-12'),(1,4,'2020-03-06','2020-03-11'),(9,5,'2020-03-06','2020-03-16'),(2,2,'2020-03-10','2020-03-12'),(8,9,'2020-03-10','2020-03-20'),(1,3,'2020-03-12','2020-03-13'),(10,8,'2020-03-12','2020-03-20'),(2,7,'2020-03-13','2020-03-15'),(4,6,'2020-03-13','2020-03-22'),(5,4,'2020-03-13','2020-03-27'),(1,7,'2020-03-14','2020-03-16'),(2,5,'2020-03-16','2020-03-21'),(1,7,'2020-03-17','2020-03-19'),(3,9,'2020-03-17','2020-03-27'),(9,8,'2020-03-17','2020-04-03'),(6,1,'2020-03-18','2020-03-28'),(1,1,'2020-03-20','2020-03-30'),(7,3,'2020-03-20','2020-03-31'),(8,3,'2020-03-21','2020-03-22'),(10,2,'2020-03-21','2020-03-24'),(2,3,'2020-03-22','2020-03-23'),(4,7,'2020-03-23','2020-03-25'),(8,6,'2020-03-23','2020-04-01'),(2,8,'2020-03-24','2020-03-31'),(10,6,'2020-03-25','2020-04-01'),(4,6,'2020-03-26','2020-04-02'),(3,2,'2020-03-28','2020-03-30'),(5,4,'2020-03-28','2020-04-04'),(6,7,'2020-03-29','2020-03-31'),(1,1,'2020-03-31','2020-04-10'),(3,1,'2020-03-31','2020-04-20'),(2,1,'2020-04-01','2020-04-11'),(6,1,'2020-04-01','2020-04-21'),(7,6,'2020-04-01','2020-04-28'),(4,7,'2020-04-03','2020-04-05'),(8,6,'2020-04-03','2020-04-12'),(10,4,'2020-04-03','2020-04-17'),(5,8,'2020-04-05','2020-04-12'),(9,2,'2020-04-05','2020-04-14'),(4,6,'2020-04-06','2020-04-13'),(1,1,'2020-04-12','2020-04-22'),(2,3,'2020-04-12','2020-04-23'),(5,3,'2020-04-13','2020-04-14'),(8,3,'2020-04-13','2020-04-15'),(4,9,'2020-04-14','2020-04-22'),(5,7,'2020-04-15','2020-04-17'),(9,6,'2020-04-15','2020-04-24'),(8,4,'2020-04-17','2020-04-22'),(5,4,'2020-04-19','2020-04-24'),(10,5,'2020-04-19','2020-04-29'),(3,1,'2020-04-21','2020-05-01'),(6,2,'2020-04-22','2020-04-24'),(1,1,'2020-04-23','2020-05-03'),(4,2,'2020-04-23','2020-05-05'),(8,7,'2020-04-23','2020-05-07'),(2,6,'2020-04-24','2020-05-01'),(5,9,'2020-04-26','2020-05-04'),(6,8,'2020-04-26','2020-05-11'),(9,3,'2020-04-26','2020-05-12'),(7,5,'2020-04-29','2020-05-04'),(10,8,'2020-04-30','2020-05-07'),(2,6,'2020-05-02','2020-05-09'),(3,8,'2020-05-02','2020-05-16'),(1,7,'2020-05-04','2020-05-06'),(1,2,'2020-05-16','2020-05-18'),(2,8,'2020-05-16','2020-05-25'),(4,8,'2020-05-16','2020-06-01'),(5,6,'2020-05-16','2020-06-08'),(6,3,'2020-05-16','2020-06-09'),(7,9,'2020-05-16','2020-06-17'),(8,2,'2020-05-16','2020-06-19'),(9,2,'2020-05-16','2020-06-21'),(10,1,'2020-05-16','2020-07-01'),(3,3,'2020-05-17','2020-05-18'),(1,7,'2020-05-19','2020-05-21'),(3,8,'2020-05-19','2020-05-28'),(1,7,'2020-05-22','2020-05-24'),(1,6,'2020-05-25','2020-06-01'),(2,1,'2020-05-27','2020-06-06'),(3,9,'2020-05-29','2020-06-06'),(1,9,'2020-06-02','2020-06-10'),(4,7,'2020-06-02','2020-06-12'),(2,8,'2020-06-07','2020-06-14'),(3,7,'2020-06-07','2020-06-16'),(5,7,'2020-06-09','2020-06-11'),(6,1,'2020-06-10','2020-06-20'),(1,2,'2020-06-11','2020-06-13'),(5,4,'2020-06-12','2020-06-17'),(4,1,'2020-06-13','2020-06-23'),(1,5,'2020-06-14','2020-06-19'),(2,7,'2020-06-15','2020-06-17'),(3,9,'2020-06-17','2020-06-25'),(2,2,'2020-06-18','2020-06-20'),(5,2,'2020-06-18','2020-06-22'),(7,2,'2020-06-18','2020-06-24'),(1,1,'2020-06-20','2020-06-30'),(8,2,'2020-06-20','2020-07-02'),(2,9,'2020-06-23','2020-07-01'),(5,8,'2020-06-23','2020-07-08'),(6,2,'2020-06-23','2020-07-10'),(9,7,'2020-06-23','2020-07-12'),(4,9,'2020-06-24','2020-07-02'),(7,7,'2020-06-25','2020-06-27'),(3,7,'2020-06-27','2020-06-29'),(7,9,'2020-06-28','2020-07-06'),(3,2,'2020-06-30','2020-07-02'),(1,4,'2020-07-01','2020-07-06'),(2,1,'2020-07-02','2020-07-12'),(10,9,'2020-07-02','2020-07-20'),(3,4,'2020-07-03','2020-07-08'),(4,7,'2020-07-03','2020-07-10'),(8,6,'2020-07-03','2020-07-17'),(1,1,'2020-07-07','2020-07-17'),(7,3,'2020-07-07','2020-07-18'),(3,9,'2020-07-09','2020-07-17'),(5,2,'2020-07-09','2020-07-19'),(4,1,'2020-07-11','2020-07-21'),(6,5,'2020-07-11','2020-07-26'),(2,3,'2020-07-14','2020-07-15'),(9,7,'2020-07-14','2020-07-17'),(2,5,'2020-07-16','2020-07-21'),(1,1,'2020-07-18','2020-07-28'),(3,2,'2020-07-18','2020-07-30'),(8,7,'2020-07-18','2020-08-01'),(9,2,'2020-07-18','2020-08-03'),(7,1,'2020-07-19','2020-07-29'),(5,4,'2020-07-20','2020-07-25'),(10,7,'2020-07-21','2020-07-23'),(2,2,'2020-07-22','2020-07-24'),(4,5,'2020-07-22','2020-07-29'),(10,4,'2020-07-24','2020-07-29'),(2,5,'2020-07-25','2020-07-30'),(5,6,'2020-07-26','2020-08-02'),(6,7,'2020-07-27','2020-07-29'),(1,5,'2020-07-29','2020-08-03'),(4,2,'2020-07-30','2020-08-01'),(6,7,'2020-07-30','2020-08-03'),(7,8,'2020-07-30','2020-08-10'),(10,8,'2020-07-30','2020-08-17'),(2,9,'2020-07-31','2020-08-08'),(3,6,'2020-07-31','2020-08-15'),(4,6,'2020-08-02','2020-08-09'),(8,8,'2020-08-02','2020-08-16'),(5,9,'2020-08-03','2020-08-11'),(1,8,'2020-08-04','2020-08-11'),(6,5,'2020-08-04','2020-08-16'),(9,5,'2020-08-04','2020-08-21'),(2,6,'2020-08-09','2020-08-16'),(1,1,'2020-08-13','2020-08-23'),(4,8,'2020-08-13','2020-08-30'),(5,6,'2020-08-13','2020-09-06'),(7,9,'2020-08-13','2020-09-14'),(3,9,'2020-08-16','2020-08-24'),(2,1,'2020-08-17','2020-08-27'),(6,8,'2020-08-17','2020-09-03'),(8,2,'2020-08-17','2020-09-05'),(10,3,'2020-08-18','2020-08-19'),(10,6,'2020-08-20','2020-08-27'),(9,5,'2020-08-22','2020-08-27'),(1,7,'2020-08-24','2020-08-26'),(3,2,'2020-08-25','2020-08-27'),(1,7,'2020-08-27','2020-08-29'),(2,4,'2020-08-28','2020-09-02'),(3,8,'2020-08-28','2020-09-09'),(9,1,'2020-08-28','2020-09-19'),(10,5,'2020-08-28','2020-09-24'),(1,1,'2020-08-30','2020-09-09'),(4,8,'2020-08-31','2020-09-07'),(2,9,'2020-09-03','2020-09-11'),(6,7,'2020-09-04','2020-09-06'),(8,5,'2020-09-06','2020-09-11'),(5,5,'2020-09-07','2020-09-12'),(6,7,'2020-09-07','2020-09-14'),(4,4,'2020-09-08','2020-09-13'),(1,6,'2020-09-10','2020-09-17'),(3,7,'2020-09-10','2020-09-19'),(2,6,'2020-09-12','2020-09-19'),(8,9,'2020-09-12','2020-09-27'),(4,3,'2020-09-14','2020-09-15'),(5,9,'2020-09-14','2020-09-23'),(6,6,'2020-09-15','2020-09-22'),(7,9,'2020-09-15','2020-09-30'),(4,4,'2020-09-16','2020-09-21'),(1,1,'2020-09-18','2020-09-28'),(2,5,'2020-09-20','2020-09-25'),(3,6,'2020-09-20','2020-10-02'),(9,7,'2020-09-20','2020-10-04'),(4,9,'2020-09-22','2020-09-30'),(6,1,'2020-09-23','2020-10-03'),(5,3,'2020-09-24','2020-09-25'),(10,1,'2020-09-25','2020-10-05'),(2,7,'2020-09-26','2020-09-28'),(5,5,'2020-09-26','2020-10-03'),(8,6,'2020-09-28','2020-10-05'),(1,5,'2020-09-29','2020-10-04'),(2,7,'2020-09-29','2020-10-06'),(4,5,'2020-10-02','2020-10-07'),(7,4,'2020-10-02','2020-10-12'),(3,8,'2020-10-03','2020-10-10'),(5,2,'2020-10-04','2020-10-06'),(6,2,'2020-10-04','2020-10-08'),(1,4,'2020-10-05','2020-10-10'),(9,5,'2020-10-05','2020-10-15'),(8,8,'2020-10-06','2020-10-13'),(10,1,'2020-10-06','2020-10-23'),(2,4,'2020-10-09','2020-10-14'),(4,5,'2020-10-09','2020-10-19'),(5,1,'2020-10-09','2020-10-29'),(6,9,'2020-10-09','2020-11-06'),(1,6,'2020-10-11','2020-10-18'),(3,7,'2020-10-11','2020-10-20'),(7,1,'2020-10-13','2020-10-23'),(8,2,'2020-10-14','2020-10-16'),(2,6,'2020-10-17','2020-10-24'),(8,6,'2020-10-17','2020-10-31'),(9,2,'2020-10-17','2020-11-02'),(1,7,'2020-10-19','2020-10-21'),(4,6,'2020-10-20','2020-10-27'),(3,3,'2020-10-21','2020-10-22'),(1,1,'2020-10-22','2020-11-01'),(3,6,'2020-10-23','2020-10-30'),(7,7,'2020-10-24','2020-10-26'),(10,6,'2020-10-24','2020-11-02'),(2,9,'2020-10-25','2020-11-02'),(7,6,'2020-10-27','2020-11-03'),(4,9,'2020-10-28','2020-11-05'),(5,1,'2020-10-30','2020-11-09'),(3,1,'2020-10-31','2020-11-10'),(8,6,'2020-11-01','2020-11-08'),(1,1,'2020-11-02','2020-11-12'),(2,3,'2020-11-03','2020-11-04'),(9,6,'2020-11-03','2020-11-11'),(10,7,'2020-11-03','2020-11-13'),(2,6,'2020-11-05','2020-11-12'),(7,3,'2020-11-05','2020-11-13'),(4,1,'2020-11-06','2020-11-16'),(6,1,'2020-11-07','2020-11-17'),(8,2,'2020-11-09','2020-11-11'),(5,8,'2020-11-10','2020-11-17'),(3,5,'2020-11-11','2020-11-16'),(8,5,'2020-11-12','2020-11-17'),(9,9,'2020-11-12','2020-11-25'),(1,5,'2020-11-13','2020-11-18'),(2,4,'2020-11-13','2020-11-23'),(7,7,'2020-11-15','2020-11-17'),(10,5,'2020-11-15','2020-11-22'),(1,1,'2020-11-20','2020-11-30'),(3,7,'2020-11-20','2020-12-02'),(4,9,'2020-11-20','2020-12-10'),(5,6,'2020-11-20','2020-12-17'),(6,3,'2020-11-20','2020-12-18'),(7,1,'2020-11-20','2020-12-28'),(8,4,'2020-11-20','2021-01-02'),(2,4,'2020-11-24','2020-11-29'),(10,7,'2020-11-24','2020-12-01'),(9,9,'2020-11-26','2020-12-04'),(2,6,'2020-11-30','2020-12-07'),(1,1,'2020-12-01','2020-12-11'),(10,7,'2020-12-02','2020-12-04'),(3,5,'2020-12-03','2020-12-08'),(9,7,'2020-12-05','2020-12-07'),(10,8,'2020-12-05','2020-12-14'),(2,8,'2020-12-08','2020-12-15'),(9,1,'2020-12-08','2020-12-25'),(3,6,'2020-12-09','2020-12-16'),(4,8,'2020-12-11','2020-12-18'),(1,4,'2020-12-12','2020-12-17'),(10,9,'2020-12-15','2020-12-23'),(2,5,'2020-12-16','2020-12-21'),(3,1,'2020-12-17','2020-12-27'),(1,1,'2020-12-18','2020-12-28'),(5,4,'2020-12-18','2021-01-02'),(4,5,'2020-12-19','2020-12-24'),(6,5,'2020-12-19','2020-12-29'),(2,1,'2020-12-22','2021-01-01'),(10,4,'2020-12-24','2020-12-29'),(4,9,'2020-12-25','2021-01-02'),(9,1,'2020-12-26','2021-01-05'),(3,8,'2020-12-28','2021-01-04'),(1,9,'2020-12-29','2021-01-06'),(7,7,'2020-12-29','2021-01-08'),(6,8,'2020-12-30','2021-01-06'),(10,6,'2020-12-30','2021-01-13'),(2,8,'2021-01-02','2021-01-09'),(4,6,'2021-01-03','2021-01-10'),(5,2,'2021-01-03','2021-01-12'),(8,8,'2021-01-03','2021-01-19'),(3,3,'2021-01-05','2021-01-06'),(9,4,'2021-01-06','2021-01-11'),(1,8,'2021-01-07','2021-01-14'),(3,5,'2021-01-07','2021-01-19'),(6,5,'2021-01-07','2021-01-24'),(7,1,'2021-01-09','2021-01-19'),(2,4,'2021-01-10','2021-01-15'),(4,9,'2021-01-11','2021-01-19'),(9,1,'2021-01-12','2021-01-22'),(5,5,'2021-01-13','2021-01-18'),(10,9,'2021-01-14','2021-01-22'),(1,9,'2021-01-17','2021-01-25'),(2,1,'2021-01-17','2021-02-04'),(5,4,'2021-01-19','2021-01-24'),(3,7,'2021-01-21','2021-01-23'),(4,3,'2021-01-21','2021-01-24'),(7,2,'2021-01-21','2021-01-26'),(8,2,'2021-01-21','2021-01-28'),(3,4,'2021-01-24','2021-01-29'),(9,3,'2021-01-24','2021-01-30'),(10,2,'2021-01-24','2021-02-01'),(4,6,'2021-01-25','2021-02-01'),(5,7,'2021-01-25','2021-02-03'),(6,7,'2021-01-25','2021-02-05'),(1,2,'2021-01-26','2021-01-28'),(7,2,'2021-01-27','2021-01-29'),(1,5,'2021-01-29','2021-02-03'),(8,1,'2021-01-29','2021-02-13'),(3,5,'2021-01-31','2021-02-05'),(7,4,'2021-01-31','2021-02-10'),(9,9,'2021-01-31','2021-02-18'),(4,5,'2021-02-02','2021-02-07'),(10,3,'2021-02-02','2021-02-08'),(1,2,'2021-02-04','2021-02-06'),(5,1,'2021-02-04','2021-02-16'),(2,3,'2021-02-05','2021-02-06'),(3,2,'2021-02-06','2021-02-08'),(6,3,'2021-02-06','2021-02-09'),(1,5,'2021-02-13','2021-02-18'),(2,2,'2021-02-13','2021-02-20'),(3,5,'2021-02-13','2021-02-25'),(4,5,'2021-02-13','2021-03-02'),(6,2,'2021-02-13','2021-03-04'),(7,8,'2021-02-13','2021-03-11'),(10,4,'2021-02-13','2021-03-16'),(8,6,'2021-02-14','2021-02-21'),(5,4,'2021-02-17','2021-02-22'),(1,7,'2021-02-19','2021-02-21'),(9,3,'2021-02-19','2021-02-22'),(2,9,'2021-02-21','2021-03-01'),(1,7,'2021-02-22','2021-02-24'),(8,7,'2021-02-22','2021-02-26'),(5,5,'2021-02-23','2021-02-28'),(9,7,'2021-02-23','2021-03-02');
/*!40000 ALTER TABLE `deliveries` ENABLE KEYS */;
UNLOCK TABLES;

--
-- Table structure for table `regions`
--

DROP TABLE IF EXISTS `regions`;
/*!40101 SET @saved_cs_client     = @@character_set_client */;
/*!50503 SET character_set_client = utf8mb4 */;
CREATE TABLE `regions` (
  `id` int NOT NULL AUTO_INCREMENT,
  `name` varchar(255) NOT NULL,
  `days_for_delivery` int NOT NULL,
  PRIMARY KEY (`id`)
) ENGINE=InnoDB AUTO_INCREMENT=11 DEFAULT CHARSET=utf8mb4 COLLATE=utf8mb4_0900_ai_ci;
/*!40101 SET character_set_client = @saved_cs_client */;

--
-- Dumping data for table `regions`
--

LOCK TABLES `regions` WRITE;
/*!40000 ALTER TABLE `regions` DISABLE KEYS */;
INSERT INTO `regions` VALUES (1,'Санкт-Петербург',6),(2,'Уфа',10),(3,'Нижний Новгород',2),(4,'Владимир',1),(5,'Кострома',5),(6,'Екатеринбург',5),(7,'Ковров',7),(8,'Воронеж',2),(9,'Самара',7),(10,'Астрахань',8);
/*!40000 ALTER TABLE `regions` ENABLE KEYS */;
UNLOCK TABLES;
/*!40103 SET TIME_ZONE=@OLD_TIME_ZONE */;

/*!40101 SET SQL_MODE=@OLD_SQL_MODE */;
/*!40014 SET FOREIGN_KEY_CHECKS=@OLD_FOREIGN_KEY_CHECKS */;
/*!40014 SET UNIQUE_CHECKS=@OLD_UNIQUE_CHECKS */;
/*!40101 SET CHARACTER_SET_CLIENT=@OLD_CHARACTER_SET_CLIENT */;
/*!40101 SET CHARACTER_SET_RESULTS=@OLD_CHARACTER_SET_RESULTS */;
/*!40101 SET COLLATION_CONNECTION=@OLD_COLLATION_CONNECTION */;
/*!40111 SET SQL_NOTES=@OLD_SQL_NOTES */;

-- Dump completed on 2021-02-25 15:27:47
